Weather,Road_Condition,Time_of_Day,Accident_Severity,Latitude,Longitude
Snowy,Dry,Afternoon,Minor,36.81739190709463,-105.9834699995921
Clear,Icy,Afternoon,Major,37.714385776342,-95.22626183452354
Snowy,Snowy,Afternoon,Fatal,44.99543918719094,-80.09508710994459
Foggy,Icy,Afternoon,Minor,41.22039562370994,-95.23043871785674
Foggy,Wet,Evening,Minor,39.01445630913194,-81.19058622340492
Rainy,Wet,Evening,Fatal,42.19159896944569,-81.50954213563372
Clear,Dry,Afternoon,Fatal,39.582346503928335,-111.26960509225083
Rainy,Dry,Night,Major,37.67252629793595,-94.5162119670223
Snowy,Dry,Evening,Major,36.89815302972156,-102.14232312813806
Clear,Icy,Afternoon,Minor,37.58173254191169,-96.75939626499562
Snowy,Dry,Morning,Major,41.771524124576736,-100.62435257596603
Foggy,Wet,Night,Major,38.408156997898466,-81.94231885097275
Clear,Dry,Evening,Major,43.047531219896946,-113.66784399577543
Snowy,Snowy,Evening,Minor,40.000801182715826,-87.05574316807242
Rainy,Wet,Morning,Fatal,39.24771530425053,-95.78074997896218
Snowy,Wet,Afternoon,Major,38.73554801047682,-109.95679585339329
Foggy,Wet,Afternoon,Major,42.30818028711809,-118.30630884910465
Foggy,Dry,Evening,Fatal,40.63659971028762,-81.44707356486106
Rainy,Icy,Morning,Fatal,42.08489697492797,-113.61500394271332
Rainy,Icy,Evening,Fatal,44.96122949639441,-92.35152762453839
Snowy,Snowy,Evening,Major,37.39158777782243,-119.79893789560788
Foggy,Dry,Morning,Major,43.20012629119356,-81.66008657329039
Foggy,Icy,Night,Major,43.68944252279145,-113.03026393418482
Rainy,Dry,Morning,Fatal,41.418599588553555,-106.12456094542458
Snowy,Dry,Morning,Fatal,44.466444339935464,-93.32912360864411
Foggy,Snowy,Night,Fatal,38.95434267992914,-83.33586793430356
Rainy,Wet,Morning,Fatal,39.50465301657818,-94.08903068198632
Foggy,Wet,Afternoon,Fatal,44.24026870425733,-80.92822508689656
Rainy,Dry,Morning,Minor,38.85613512865648,-115.11970345692444
Foggy,Wet,Afternoon,Fatal,37.8330476242493,-106.96706156918061
Snowy,Icy,Evening,Fatal,35.89812154282774,-111.7090808372933
Clear,Dry,Afternoon,Fatal,42.18429229818735,-99.15707237966448
Rainy,Wet,Evening,Major,38.927937758093435,-110.39717038049734
Foggy,Icy,Night,Fatal,43.38265359545705,-85.74026388949706
Foggy,Icy,Night,Fatal,36.00941199977522,-119.87436375807512
Clear,Icy,Afternoon,Minor,35.988736176406356,-109.43982600162137
Clear,Dry,Afternoon,Minor,39.00941762473047,-118.83379255911645
Rainy,Wet,Evening,Minor,44.62310202987784,-104.39519061246644
Foggy,Dry,Afternoon,Fatal,41.27486571784279,-111.50664102852434
Clear,Snowy,Evening,Fatal,40.73349345635218,-89.85621477016988
Foggy,Wet,Evening,Fatal,44.71533042390588,-93.22765563352483
Rainy,Wet,Afternoon,Minor,35.397659649885696,-87.17604969293654
Foggy,Dry,Evening,Minor,43.94452556824232,-92.66184890369965
Foggy,Wet,Morning,Minor,42.85097714095708,-84.04848441050609
Foggy,Wet,Night,Major,40.129024161471975,-90.3774110696196
Rainy,Icy,Afternoon,Fatal,38.2582311756445,-87.58965653201875
Clear,Wet,Afternoon,Minor,40.46875965876045,-113.36395902516855
Foggy,Icy,Morning,Fatal,36.08893313981039,-116.97355584383557
Snowy,Icy,Evening,Minor,44.36321153969157,-96.44267700217743
Clear,Snowy,Morning,Fatal,41.775409455035344,-88.37917958913306
Rainy,Wet,Afternoon,Fatal,42.249811699240524,-90.81152374010311
Clear,Dry,Night,Major,40.53379016126708,-99.53445669923944
Rainy,Icy,Night,Minor,42.09013724287032,-101.5533239498436
Rainy,Wet,Night,Minor,35.44563823448679,-92.7138735375346
Foggy,Wet,Morning,Fatal,44.72776322892086,-119.46995865984358
Clear,Icy,Evening,Minor,41.28238110463281,-102.81565631470546
Foggy,Dry,Evening,Fatal,41.983111572275725,-103.05808336032415
Snowy,Dry,Evening,Fatal,38.795029033747184,-109.14004983272528
Snowy,Wet,Evening,Major,43.41723361744676,-119.77125674556842
Snowy,Icy,Night,Major,44.819056980765396,-106.13764960733809
Rainy,Icy,Morning,Minor,35.34461259425,-86.6483219632469
Snowy,Dry,Evening,Fatal,43.381521835519244,-103.41056692130115
Snowy,Snowy,Morning,Fatal,44.373784381643205,-110.4004254452017
Clear,Dry,Morning,Major,42.619068201324154,-102.54321605081628
Snowy,Snowy,Evening,Fatal,39.06674069998583,-96.59686231175188
Clear,Snowy,Night,Major,37.044608860547115,-91.59540934650883
Clear,Snowy,Afternoon,Fatal,38.86323173076466,-82.87592657960855
Clear,Wet,Night,Fatal,42.40161368761463,-108.84247695706092
Rainy,Dry,Morning,Major,35.251419582772726,-80.78257718918513
Rainy,Dry,Night,Major,41.03291805714943,-91.5946943774185
Foggy,Wet,Evening,Major,40.90867441271041,-112.73106827087373
Rainy,Wet,Night,Fatal,42.82015334932967,-112.00634914872242
Clear,Snowy,Afternoon,Major,39.5859794351384,-115.76587056488364
Rainy,Wet,Afternoon,Major,39.05751168615061,-112.35471646204412
Clear,Snowy,Evening,Minor,40.49322479403174,-94.43871364340316
Foggy,Dry,Morning,Minor,39.58466424569258,-101.80510228788528
Snowy,Wet,Night,Minor,40.12720247812628,-92.83203395195322
Snowy,Icy,Evening,Fatal,40.671707799193854,-90.70344540749326
Clear,Snowy,Evening,Major,36.80307935422778,-96.74331577671919
Rainy,Snowy,Night,Major,39.412237136553266,-110.14855924757873
Rainy,Wet,Evening,Minor,40.633246420330465,-102.2353901401467
Foggy,Dry,Night,Fatal,35.326456775456684,-92.1349091513044
Foggy,Snowy,Morning,Major,42.34577923121413,-97.81249160879655
Clear,Icy,Morning,Major,43.685515063202885,-100.17184999072435
Snowy,Wet,Evening,Major,39.76483383778293,-111.35091963488881
Rainy,Dry,Afternoon,Minor,44.902088935876215,-112.42426328460616
Foggy,Icy,Afternoon,Major,39.433065095171756,-92.21384908759299
Foggy,Wet,Afternoon,Major,38.918239632835,-110.51422136089155
Rainy,Icy,Afternoon,Major,41.28434047418999,-97.3832012956903
Snowy,Dry,Evening,Minor,35.307900496604475,-104.16153645009581
Foggy,Icy,Afternoon,Major,39.01306024219712,-80.32908476083003
Rainy,Dry,Night,Fatal,37.78439408250435,-82.05988227127222
Rainy,Dry,Night,Major,39.35507625472191,-83.4827598090124
Foggy,Dry,Night,Fatal,36.01259914615159,-82.65715666169407
Foggy,Snowy,Morning,Major,38.87237271178096,-98.58528235273396
Foggy,Wet,Afternoon,Fatal,44.42983816816042,-109.89415877514853
Clear,Dry,Morning,Minor,39.48813645746606,-110.60022889861233
Foggy,Snowy,Night,Minor,37.626756425986514,-89.89446823712656
Clear,Dry,Night,Minor,39.88374628982939,-96.98362450855407
Snowy,Wet,Afternoon,Fatal,38.90682110985939,-106.49870136464725
Snowy,Snowy,Afternoon,Fatal,40.32021678984252,-89.27487286476472
Clear,Snowy,Morning,Fatal,35.6902954088785,-105.37617195984133
Rainy,Icy,Night,Major,44.11168285180079,-88.60921272700048
Snowy,Wet,Evening,Fatal,36.683369559191306,-94.67709386001948
Rainy,Icy,Afternoon,Major,40.51990302120721,-88.24282456560141
Foggy,Dry,Morning,Major,39.02764398462252,-112.69310463041327
Clear,Snowy,Morning,Fatal,42.76928010327225,-112.91229995955236
Snowy,Icy,Morning,Fatal,43.65193347397811,-100.04115532344936
Snowy,Icy,Afternoon,Major,36.71848481327095,-90.16986483695496
Foggy,Wet,Evening,Fatal,43.07189318791188,-91.02981890003467
Rainy,Wet,Night,Fatal,40.70649623880935,-102.57420838173961
Snowy,Snowy,Night,Minor,36.62815049676864,-113.14820168713318
Rainy,Wet,Afternoon,Fatal,39.08777261229132,-86.81108534713502
Clear,Wet,Night,Major,35.70891575891285,-108.14431972498866
Rainy,Dry,Afternoon,Minor,42.86750335154437,-90.74733921186815
Clear,Wet,Afternoon,Fatal,40.64984357675254,-97.07107222201634
Clear,Snowy,Morning,Minor,43.16723202558545,-108.86169814505708
Foggy,Icy,Morning,Fatal,39.07632857979656,-93.34928554083845
Snowy,Icy,Afternoon,Major,40.46963251371388,-116.44041140574613
Rainy,Snowy,Night,Minor,41.80755892960485,-84.7353744048801
Clear,Dry,Afternoon,Minor,39.49084745010947,-114.2641851995643
Clear,Wet,Evening,Fatal,39.66967999963611,-105.15321935921874
Foggy,Dry,Night,Major,44.310099708853,-82.2730070815486
Clear,Icy,Morning,Fatal,43.268149737964194,-85.55818801986752
Rainy,Snowy,Evening,Fatal,36.47061850566588,-107.6417603972739
Rainy,Icy,Afternoon,Minor,43.47194439033582,-101.50435292349837
Rainy,Snowy,Afternoon,Major,44.49071196314844,-96.65579851967601
Snowy,Dry,Morning,Major,43.44248702405818,-110.71777041195377
Rainy,Dry,Afternoon,Minor,41.30700471158785,-114.83302219027559
Clear,Icy,Night,Major,40.40734567133104,-116.40335020561191
Rainy,Dry,Evening,Fatal,38.91858296409079,-88.80046692357823
Rainy,Wet,Afternoon,Major,38.25253905924552,-99.81523901569219
Rainy,Icy,Morning,Major,37.350372148038254,-86.68672392523698
Clear,Dry,Morning,Minor,43.05844532617833,-100.43856898769519
Rainy,Snowy,Morning,Fatal,40.68092512337867,-88.22076728585975
Foggy,Dry,Evening,Major,37.852903383573164,-89.845397046523
Foggy,Wet,Night,Major,43.16682175450718,-90.83061028345428
Clear,Dry,Afternoon,Minor,38.85874502895116,-81.30945649894538
Rainy,Wet,Afternoon,Fatal,41.993153751262035,-101.63243065069753
Clear,Wet,Night,Fatal,35.82207063711782,-115.42856920008082
Foggy,Wet,Night,Major,42.30246147090146,-115.26339843296273
Clear,Wet,Evening,Major,35.882017037898706,-90.67985521486587
Snowy,Icy,Morning,Minor,37.00560251072983,-109.02461579189651
Foggy,Icy,Evening,Major,36.47984147365835,-96.81095371611102
Clear,Icy,Morning,Fatal,41.12258150761845,-119.2645543139361
Foggy,Snowy,Morning,Major,38.270446441518175,-100.69146107692262
Snowy,Wet,Morning,Major,43.087899845635384,-90.8988307909962
Snowy,Icy,Night,Fatal,39.441277131657515,-104.37625569672872
Rainy,Snowy,Morning,Fatal,37.47510073140412,-114.97737685450994
Clear,Icy,Afternoon,Minor,35.03167848580702,-95.24033741205648
Clear,Wet,Morning,Fatal,37.45807439306153,-97.37247311435976
Clear,Snowy,Afternoon,Minor,42.498507644364665,-107.7238194722172
Foggy,Icy,Morning,Fatal,40.902326591508924,-104.63829446435598
Foggy,Icy,Evening,Fatal,44.308873720608084,-84.24059179812157
Clear,Snowy,Evening,Major,40.9480321467779,-95.42056889953474
Rainy,Dry,Evening,Fatal,43.65820165222355,-99.48311340900938
Rainy,Snowy,Evening,Fatal,44.187347106063775,-96.12894320153242
Rainy,Icy,Night,Minor,41.360424687799686,-107.47799419747412
Snowy,Dry,Morning,Fatal,41.5882507014007,-111.85331448909261
Foggy,Dry,Night,Fatal,39.50686474938913,-114.59679415096957
Foggy,Snowy,Night,Minor,41.74348979023469,-97.57680763995805
Foggy,Dry,Evening,Major,35.98234992189081,-107.81590576903238
Clear,Wet,Afternoon,Minor,44.900863760674824,-108.96970382234875
Snowy,Icy,Night,Fatal,44.548469930384684,-111.8301296435133
Clear,Wet,Evening,Fatal,40.16789939128158,-102.81508544412624
Clear,Icy,Morning,Minor,44.74372238679258,-118.23838482446142
Clear,Dry,Evening,Fatal,44.4911214308944,-116.8576867630509
Rainy,Snowy,Night,Minor,43.23160830708859,-113.74865161800895
Snowy,Wet,Evening,Major,39.43455836381904,-87.99706271692529
Foggy,Icy,Afternoon,Fatal,38.62268087098591,-99.93697200328207
Clear,Wet,Afternoon,Major,37.80334460791521,-116.05668291910351
Foggy,Snowy,Morning,Major,35.35938674921553,-85.88072018677634
Foggy,Dry,Night,Minor,35.49496853493667,-98.17659269323408
Foggy,Dry,Night,Fatal,42.86522382390847,-117.36752957237694
Snowy,Icy,Afternoon,Major,41.821938806266104,-101.37269832950882
Rainy,Wet,Night,Fatal,35.24498448267652,-91.732978652892
Clear,Dry,Night,Major,39.77878448022243,-105.14056225362263
Snowy,Icy,Evening,Minor,38.56185647117594,-100.23409317448468
Clear,Icy,Night,Minor,38.08834424007341,-117.97763248161844
Foggy,Icy,Afternoon,Fatal,39.31380648774075,-84.02958564301241
Clear,Wet,Morning,Minor,40.43805727866237,-117.77899868763397
Clear,Wet,Evening,Major,43.39816162145531,-94.07056410471611
Clear,Dry,Night,Major,36.4519651288466,-108.72323828381083
Snowy,Icy,Morning,Major,37.232633855051965,-98.27914276532944
Clear,Icy,Night,Fatal,42.80995893614991,-118.60243014376046
Clear,Wet,Night,Minor,41.74607852916216,-102.95716089495612
Snowy,Snowy,Evening,Minor,43.09183171139031,-113.19538330762875
Snowy,Wet,Evening,Major,40.491303362771724,-113.76076545204268
Foggy,Wet,Morning,Fatal,38.72200391825219,-96.75218305116174
Rainy,Icy,Afternoon,Major,35.206713688919045,-100.12417925999804
Rainy,Snowy,Afternoon,Major,42.86769503357127,-114.88901388840038
Foggy,Dry,Morning,Major,44.34994431838766,-80.95869205599185
Snowy,Wet,Evening,Fatal,35.326179483415665,-82.51564220321292
Snowy,Dry,Morning,Fatal,43.89652033017566,-103.39036110663838
Snowy,Wet,Evening,Major,38.789102780588145,-87.49145520427751
Foggy,Icy,Evening,Minor,36.1995369302389,-99.48411777924763
Foggy,Icy,Afternoon,Major,44.29257398007229,-88.42362312345657
Rainy,Dry,Afternoon,Major,35.447784505046684,-90.55084469885799
Rainy,Dry,Night,Minor,35.14190049395767,-88.42030806303791
Snowy,Wet,Evening,Major,36.7058191155709,-95.54653591133413
Foggy,Dry,Night,Fatal,40.59184806829327,-100.42494204117318
Rainy,Wet,Evening,Minor,43.297631202876445,-80.33215706510192
Foggy,Snowy,Afternoon,Minor,40.93802480809615,-81.25301577702572
Rainy,Icy,Evening,Fatal,41.19734571433089,-82.33868358862236
Snowy,Wet,Afternoon,Major,38.334625935960105,-84.99527821767812
Clear,Snowy,Evening,Major,36.36999063053671,-82.29363292133479
Clear,Wet,Evening,Fatal,36.38871326396517,-85.53945171092425
Foggy,Icy,Night,Fatal,43.61319625815091,-100.29603979112744
Snowy,Dry,Night,Major,35.99866821136178,-97.2614040596824
Foggy,Dry,Afternoon,Fatal,36.869144406084615,-86.90573780695418
Rainy,Icy,Night,Major,40.2523975752016,-82.19543244975965
Clear,Dry,Afternoon,Fatal,42.21393451106288,-92.90106340706109
Snowy,Dry,Afternoon,Minor,41.70675525382325,-119.01263371101662
Rainy,Snowy,Morning,Major,36.914276804995424,-87.88595164017816
Clear,Icy,Morning,Minor,35.90721702234931,-95.93271343926816
Clear,Wet,Afternoon,Major,42.62596394694175,-97.92491454315257
Clear,Icy,Afternoon,Fatal,39.156038959073356,-111.04069816539675
Snowy,Snowy,Morning,Minor,36.5158429286988,-114.46258026682423
Snowy,Dry,Morning,Fatal,42.25725910364103,-96.2343254897417
Foggy,Snowy,Night,Minor,43.24787856277787,-104.07088824167954
Clear,Icy,Morning,Fatal,40.22444145405464,-83.373110709534
Rainy,Dry,Night,Fatal,43.96040799657219,-102.3770588795077
Rainy,Dry,Evening,Major,40.98845400079439,-97.87552115766513
Rainy,Dry,Morning,Major,38.30408003875774,-109.2959680455317
Rainy,Wet,Afternoon,Minor,35.06682129223888,-107.04721700390274
Clear,Dry,Afternoon,Minor,43.07396030339952,-116.93456774099005
Clear,Snowy,Afternoon,Fatal,39.73400881494913,-109.08200021074049
Foggy,Snowy,Night,Fatal,41.32906330678434,-86.93526617990045
Snowy,Icy,Night,Major,40.41990074889766,-115.46236731584332
Foggy,Dry,Evening,Minor,41.0614656493348,-98.3598840428935
Snowy,Icy,Morning,Fatal,37.006510174037615,-119.65175411749826
Foggy,Dry,Afternoon,Fatal,39.46201220977544,-107.26783621230611
Rainy,Dry,Morning,Major,44.3080729731649,-80.14406825283778
Rainy,Icy,Afternoon,Fatal,44.30606804846537,-113.06627788098876
Rainy,Wet,Afternoon,Fatal,39.49842207972559,-98.72443683969944
Clear,Snowy,Morning,Minor,40.32675886761555,-90.37495404422518
Foggy,Snowy,Morning,Major,35.99302202753693,-116.79111014177144
Snowy,Wet,Afternoon,Minor,42.873733450051056,-108.46993691330526
Clear,Dry,Afternoon,Major,40.9028554295316,-88.53166637170764
Snowy,Snowy,Morning,Fatal,35.3054945709338,-103.35127764618602
Snowy,Dry,Night,Minor,35.59093890078253,-85.0945678981266
Foggy,Dry,Morning,Minor,40.25812598873324,-88.64910443931004
Rainy,Snowy,Morning,Fatal,37.1980534882319,-96.10830318586123
Snowy,Dry,Morning,Major,40.34290551893676,-116.49634810376214
Foggy,Snowy,Afternoon,Major,40.62711699022339,-95.34742031068414
Snowy,Icy,Afternoon,Fatal,43.54135997650504,-86.08288464946605
Clear,Dry,Night,Minor,43.26714659931018,-106.50078697300407
Foggy,Dry,Evening,Minor,36.64824675346762,-88.94042789395928
Snowy,Wet,Morning,Major,36.31693438472038,-91.41434900365104
Clear,Wet,Evening,Minor,40.93014500360598,-119.0013511151977
Clear,Dry,Morning,Fatal,41.396055611776816,-84.57520943032907
Foggy,Icy,Afternoon,Fatal,42.46776639533718,-101.4474300108928
Snowy,Wet,Night,Fatal,35.16061864981006,-89.94188222162626
Foggy,Dry,Evening,Minor,37.130850086848085,-101.43733242381981
Foggy,Snowy,Evening,Minor,39.539468481083574,-88.01128345525122
Rainy,Wet,Night,Fatal,37.98434912361877,-88.96353868770777
Rainy,Dry,Morning,Major,38.82580323570635,-96.01489726160315
Rainy,Snowy,Evening,Major,35.843013146113506,-93.08611466045821
Clear,Snowy,Morning,Minor,44.96262286524877,-87.76084396529666
Foggy,Dry,Evening,Minor,41.50768547558747,-111.35759535020935
Clear,Icy,Afternoon,Major,39.15943904581855,-111.56455089276848
Snowy,Wet,Evening,Minor,41.34424145286584,-104.96779936615656
Foggy,Wet,Afternoon,Major,41.040716770712194,-103.8172537438393
Foggy,Icy,Night,Fatal,43.30688510520077,-105.50274709536683
Foggy,Icy,Evening,Major,42.00034272772105,-88.92786671440447
Snowy,Dry,Night,Fatal,40.496062685307564,-116.018139487649
Clear,Icy,Morning,Minor,42.061931829633586,-109.62446397027215
Foggy,Wet,Afternoon,Minor,37.11112471166136,-106.1175052600242
Foggy,Icy,Evening,Major,41.03064306170516,-84.09025733961099
Rainy,Snowy,Morning,Minor,43.63400766857002,-98.11049918317428
Foggy,Dry,Evening,Major,35.43006951866939,-83.10530061319588
Foggy,Dry,Morning,Major,35.443877721708546,-102.14452438947221
Clear,Snowy,Afternoon,Major,35.50488944412408,-93.98299004704543
Rainy,Icy,Morning,Fatal,35.30937644731342,-96.8463932785763
Snowy,Dry,Night,Minor,38.32099365393137,-106.40919030804625
Rainy,Snowy,Morning,Fatal,38.89759387426492,-105.0591929240125
Rainy,Wet,Evening,Fatal,40.79266353820527,-111.31076454187956
Rainy,Dry,Morning,Major,39.98236000499273,-116.3132816611027
Foggy,Dry,Night,Minor,42.888022639053595,-103.67523772696308
Foggy,Wet,Afternoon,Minor,40.49309771480104,-105.43548899958003
Snowy,Dry,Afternoon,Major,42.60854344514496,-111.28365166991946
Snowy,Wet,Night,Minor,40.010878802621974,-107.29781680521992
Foggy,Icy,Morning,Fatal,36.300477825111386,-99.53457128419691
Clear,Dry,Afternoon,Minor,35.379815632898534,-92.57197828265424
Snowy,Snowy,Evening,Minor,38.39768827151118,-116.22690294835826
Foggy,Icy,Evening,Fatal,40.90431089822693,-99.98090736533128
Snowy,Icy,Morning,Major,38.99100188073723,-80.53083593996605
Rainy,Snowy,Morning,Fatal,43.755112265526165,-108.2420359593241
Rainy,Snowy,Morning,Minor,37.284867467547706,-84.33156539189017
Snowy,Snowy,Afternoon,Minor,40.136110465443245,-118.30120362973868
Clear,Dry,Morning,Major,39.93500992154408,-83.02851716821355
Clear,Icy,Evening,Minor,40.58980634099774,-111.12872087230726
Clear,Wet,Evening,Major,44.488459558311305,-82.90579277654811
Foggy,Icy,Morning,Fatal,36.10977524585148,-82.59311653094026
Clear,Dry,Evening,Major,41.874063641362376,-86.82743063496963
Clear,Snowy,Morning,Fatal,43.589566854206296,-93.02401392744073
Clear,Snowy,Morning,Major,35.77145168539582,-90.9264467580705
Clear,Wet,Morning,Minor,35.827154615243536,-82.444201598349
Clear,Dry,Evening,Major,35.00188399556582,-88.54569067754073
Rainy,Dry,Night,Minor,44.00321268074271,-85.8966018024663
Rainy,Icy,Morning,Fatal,42.10135431798066,-113.40460893739446
Clear,Dry,Morning,Fatal,41.75140061149668,-89.93295311908324
Clear,Wet,Morning,Major,36.257242689922265,-88.15970390290866
Rainy,Icy,Morning,Fatal,40.93485762975935,-95.84596069838888
Foggy,Snowy,Evening,Minor,36.573262800018284,-82.12975859305187
Clear,Icy,Night,Major,38.97448156899092,-102.30533867590324
Rainy,Snowy,Morning,Fatal,43.72048338447008,-113.27527486402816
Clear,Icy,Morning,Minor,39.97312446168972,-100.56730284349474
Foggy,Icy,Morning,Minor,35.15813196232962,-80.34185728628832
Foggy,Snowy,Afternoon,Major,43.09860187360586,-108.04571458963876
Foggy,Snowy,Morning,Major,43.97674672677957,-103.56571632638014
Clear,Wet,Afternoon,Major,41.63007346141776,-108.87483378053551
Clear,Wet,Evening,Fatal,42.610883060238756,-90.64467476789835
Foggy,Wet,Afternoon,Minor,38.52602605928858,-88.76144545422258
Snowy,Wet,Night,Fatal,37.54231383748696,-112.01978740281567
Rainy,Icy,Evening,Fatal,41.76108231414411,-95.60233765615793
Clear,Wet,Morning,Minor,44.77452117990368,-86.03283977993183
Clear,Icy,Evening,Major,35.05665814529567,-105.85213253677064
Clear,Wet,Evening,Minor,38.100845383427554,-92.13219554253006
Clear,Wet,Afternoon,Minor,40.172393817143316,-90.07981054514386
Foggy,Dry,Night,Minor,44.481083201714426,-85.70764390556636
Clear,Icy,Afternoon,Minor,37.56694228310046,-106.12149361061766
Snowy,Icy,Evening,Fatal,39.91931100105729,-91.89439176567085
Snowy,Icy,Afternoon,Major,44.601677847287455,-97.02252976511177
Foggy,Icy,Evening,Minor,41.65146194238405,-90.75370622180331
Foggy,Snowy,Morning,Minor,37.66675196661978,-116.49805343888877
Snowy,Icy,Morning,Fatal,42.933940143053476,-113.35912705428557
Rainy,Icy,Evening,Major,35.52198629044972,-106.55971764039565
Rainy,Dry,Evening,Major,35.454032814686926,-93.67780064555117
Clear,Icy,Morning,Major,42.29860308848478,-116.18513590907766
Foggy,Icy,Morning,Major,43.26746768026247,-108.57201623820941
Snowy,Wet,Night,Fatal,42.25716463219949,-80.95252100047665
Foggy,Icy,Night,Major,37.03578377546361,-83.9366797885173
Snowy,Wet,Evening,Fatal,42.63579068866572,-114.48458922575958
Snowy,Wet,Evening,Major,44.03607844346795,-109.80471004340471
Snowy,Wet,Afternoon,Minor,40.91406759422488,-114.99117761932675
Foggy,Icy,Morning,Minor,42.73906221770665,-118.27790389137326
Foggy,Icy,Evening,Fatal,40.82208759768231,-83.47069278314174
Rainy,Icy,Morning,Minor,36.72110602822778,-101.16199764909942
Clear,Wet,Night,Fatal,43.79255114846384,-107.47347192680891
Foggy,Snowy,Night,Major,42.96240595562854,-94.9471059337522
Foggy,Wet,Evening,Major,37.34653441775849,-84.40465094106054
Snowy,Icy,Morning,Major,43.29017732545491,-102.24563246314796
Foggy,Snowy,Afternoon,Minor,40.747795542644155,-118.18722884156422
Snowy,Dry,Morning,Major,42.59611428699797,-97.61684582138632
Rainy,Dry,Morning,Fatal,42.83016637316733,-103.73772864767582
Clear,Icy,Morning,Minor,41.44591174742344,-94.09934140626547
Snowy,Dry,Afternoon,Fatal,44.36267139413219,-91.94466857761239
Foggy,Snowy,Afternoon,Fatal,39.72897132810905,-85.03317271371895
Rainy,Icy,Morning,Minor,37.153443813825525,-107.68454471935003
Snowy,Snowy,Morning,Major,43.08022629906553,-98.85102323606257
Clear,Icy,Night,Minor,42.823883294600876,-117.20797381541485
Foggy,Icy,Evening,Fatal,44.39057095967187,-82.27752410372113
Rainy,Dry,Evening,Minor,44.558244837207525,-102.43617738996686
Snowy,Dry,Night,Major,42.45860038627012,-83.59147860528974
Clear,Wet,Morning,Fatal,36.6520393933785,-105.07035374483064
Clear,Icy,Morning,Major,35.9367242070591,-116.20366234930616
Foggy,Snowy,Evening,Minor,40.832665178130455,-97.6493622150241
Snowy,Dry,Afternoon,Fatal,37.56047565104954,-102.58425415297057
Foggy,Snowy,Morning,Major,42.17572124731594,-111.71030800924487
Snowy,Icy,Morning,Major,43.95726725926173,-96.93543971481128
Rainy,Snowy,Afternoon,Fatal,38.01916700077502,-114.51642167684975
Clear,Icy,Morning,Fatal,41.70943004742508,-118.05369345353147
Rainy,Snowy,Evening,Fatal,36.828072366569,-110.51661165930639
Rainy,Dry,Afternoon,Major,40.021536099619865,-96.00914740118009
Foggy,Dry,Afternoon,Fatal,41.2134449725353,-104.60785531115587
Foggy,Snowy,Night,Minor,35.30857904308073,-111.45207433718687
Snowy,Snowy,Morning,Minor,37.262791082142314,-89.05349740417337
Clear,Icy,Evening,Fatal,43.42230746343948,-89.39358684732935
Clear,Wet,Evening,Major,35.114806597493775,-105.9277997435859
Rainy,Icy,Night,Fatal,41.378770926636335,-97.68290219397197
Clear,Snowy,Afternoon,Fatal,42.267492241681964,-107.40696682593405
Foggy,Wet,Night,Major,44.540331275850406,-105.99188035637079
Foggy,Icy,Afternoon,Fatal,44.912632267336335,-101.96894864454545
Clear,Snowy,Night,Minor,43.742267241383516,-87.6270240685895
Rainy,Wet,Afternoon,Minor,36.49601449526953,-112.07617933118841
Clear,Wet,Afternoon,Fatal,42.540230349283824,-108.8611708428979
Rainy,Icy,Afternoon,Minor,44.106765794351396,-89.40796110162891
Snowy,Snowy,Night,Minor,37.146678639725366,-118.88624369690346
Foggy,Dry,Night,Major,38.1654966526787,-97.88950527865667
Snowy,Dry,Night,Major,39.87851197192406,-114.69421689596187
Snowy,Wet,Night,Fatal,43.295875568652505,-91.47056527666652
Clear,Icy,Morning,Fatal,42.975473605371995,-112.22209422273245
Foggy,Wet,Morning,Major,39.14150224328227,-119.31400872339208
Snowy,Dry,Night,Minor,40.31085344885243,-93.02964631974004
Snowy,Icy,Morning,Fatal,37.29171951214162,-96.31932628843748
Snowy,Icy,Afternoon,Major,42.09382967087391,-86.5973621817992
Clear,Wet,Afternoon,Major,38.89872352941544,-94.72045278415244
Rainy,Snowy,Afternoon,Major,44.42531307520117,-84.34727174558805
Rainy,Icy,Night,Fatal,35.51895299518411,-103.1998370367438
Clear,Snowy,Evening,Minor,35.67384554785522,-93.81163698574804
Snowy,Wet,Evening,Fatal,43.24534808087032,-115.14018435648939
Snowy,Dry,Night,Fatal,35.32809624128608,-109.50628132876217
Rainy,Wet,Evening,Minor,40.37007488351358,-90.2767384147448
Foggy,Icy,Afternoon,Major,40.468596409751264,-119.39292470852692
Foggy,Snowy,Afternoon,Fatal,39.291825933963565,-85.14126314493865
Foggy,Snowy,Morning,Minor,38.03194059461046,-87.28574777379882
Clear,Snowy,Night,Minor,35.42291749222681,-95.98874157887852
Snowy,Dry,Night,Major,41.32159499186457,-92.38377112355712
Foggy,Dry,Morning,Minor,44.245610553768046,-96.30794515751617
Foggy,Snowy,Morning,Minor,43.26039051666572,-108.16228444565374
Clear,Wet,Morning,Major,35.028812516656146,-100.97248727956165
Rainy,Dry,Evening,Minor,36.52327785662679,-101.88745143156333
Foggy,Wet,Afternoon,Major,40.48382036195654,-114.30979040892738
Snowy,Wet,Evening,Minor,38.9520592630997,-88.25717381844794
Rainy,Dry,Night,Major,37.95694674041604,-107.29221209811351
Clear,Dry,Night,Major,42.00867635861432,-105.48985598403392
Foggy,Wet,Night,Minor,43.19797804984728,-117.00715179220109
Rainy,Dry,Evening,Major,44.89028358350174,-90.02438188795364
Snowy,Wet,Afternoon,Fatal,42.24856499315017,-108.68795477318001
Foggy,Icy,Evening,Minor,43.57129559856283,-112.3076041586549
Clear,Icy,Morning,Fatal,40.12726394261776,-87.77896345695771
Snowy,Snowy,Afternoon,Minor,41.71055283859914,-110.08506565086306
Snowy,Wet,Afternoon,Fatal,41.773873215187166,-82.03197227276434
Snowy,Icy,Evening,Major,38.1286316085513,-83.56789316120748
Snowy,Dry,Afternoon,Minor,39.63293653272797,-84.25621654199475
Snowy,Dry,Night,Minor,43.3965965570879,-98.48868261034494
Snowy,Snowy,Morning,Fatal,41.055047666158764,-107.5235237785318
Foggy,Snowy,Afternoon,Fatal,35.76384944991456,-95.21536292220311
Rainy,Snowy,Evening,Major,36.391158488910875,-97.82650102638621
Foggy,Snowy,Morning,Minor,39.214440415792474,-88.22057465406037
Foggy,Snowy,Evening,Major,40.46700520556768,-115.69543260960565
Rainy,Dry,Night,Minor,42.37096550432051,-89.85063718287982
Snowy,Icy,Night,Minor,44.47395249586447,-115.71771285783255
Foggy,Snowy,Evening,Minor,43.66547981749087,-106.49402792003062
Rainy,Wet,Morning,Fatal,40.77040664461911,-88.77775892451145
Foggy,Snowy,Afternoon,Major,41.764263623383926,-111.12398156862508
Snowy,Dry,Afternoon,Minor,37.523072498394065,-106.8979133927947
Rainy,Dry,Afternoon,Fatal,43.0807928235583,-97.70757698742766
Foggy,Icy,Morning,Major,43.16756930119528,-94.22973105396754
Snowy,Wet,Night,Fatal,36.323723790349725,-92.58418626215978
Foggy,Wet,Night,Fatal,42.231494864646294,-109.14536145843958
Foggy,Wet,Afternoon,Fatal,43.2192663593993,-80.98506891414317
Rainy,Wet,Evening,Minor,39.754066078500735,-96.40208468792764
Clear,Dry,Morning,Major,42.92521391962919,-103.44690138716817
Snowy,Wet,Afternoon,Fatal,38.816119398672,-107.25564148945571
Rainy,Snowy,Evening,Major,37.16051365011687,-86.96329170735879
Snowy,Dry,Morning,Minor,41.977562760734294,-107.85504247424639
Rainy,Wet,Morning,Major,42.03792310990508,-108.48674804593577
Snowy,Icy,Night,Minor,42.32122606842956,-97.54977287700304
Foggy,Icy,Morning,Minor,40.5968844483794,-97.15350805510556
Clear,Wet,Morning,Fatal,35.60628926066468,-95.84812032283615
Foggy,Dry,Night,Fatal,36.443876321336674,-116.3160498320164
Clear,Icy,Morning,Major,39.81549340275854,-116.93726966265844
Foggy,Snowy,Morning,Fatal,35.59716488970889,-106.34298921582807
Foggy,Dry,Afternoon,Fatal,38.54267764841047,-94.71047396528556
Clear,Icy,Night,Major,42.84420858003418,-116.9424055584221
Snowy,Icy,Night,Minor,40.32492699437147,-98.02629420388969
Clear,Wet,Morning,Minor,43.47271667721859,-110.43429818261907
Rainy,Dry,Evening,Fatal,44.56320093387528,-82.3926723499167
Snowy,Wet,Afternoon,Minor,41.20908590217708,-105.7947340898475
Clear,Wet,Night,Minor,44.25522207851881,-100.31070739270368
Foggy,Wet,Evening,Major,39.16121428071092,-93.75779912097184
Foggy,Wet,Night,Major,40.98692402319097,-112.58508883669954
Clear,Wet,Night,Major,41.0687734157693,-92.9549840964684
Rainy,Dry,Afternoon,Major,38.769855419262804,-84.16463275229361
Clear,Wet,Morning,Minor,41.72056038752253,-113.92898360595592
Snowy,Snowy,Evening,Minor,35.27519185140415,-92.26659385061174
Foggy,Dry,Night,Minor,37.42231217824567,-104.1716814570483
Rainy,Dry,Afternoon,Major,36.58624144526378,-82.7070896708449
Clear,Dry,Evening,Fatal,39.644332362255426,-92.84409099688638
Rainy,Icy,Morning,Minor,37.849080215309606,-99.46527159100339
Foggy,Snowy,Evening,Minor,40.27232660753913,-109.84248912305216
Clear,Dry,Morning,Major,43.59823835391276,-84.22939526974343
Snowy,Wet,Afternoon,Minor,37.19273961923876,-119.36707312012717
Rainy,Wet,Night,Fatal,39.69743762990684,-111.68174562842441
Snowy,Icy,Morning,Fatal,39.62851955015851,-80.43128984168999
Rainy,Icy,Afternoon,Major,39.02446637433669,-113.38790855448156
Snowy,Icy,Night,Major,42.39026557787959,-92.87544676183165
Foggy,Snowy,Evening,Minor,41.34339739711204,-119.74259154012817
Rainy,Wet,Night,Minor,44.167916907023354,-85.2157567010089
Rainy,Snowy,Afternoon,Major,37.68958945826471,-114.90454335998643
Snowy,Snowy,Afternoon,Minor,35.500185768211125,-87.99174609265683
Rainy,Wet,Morning,Major,37.7156876475104,-101.39779006797423
Clear,Icy,Evening,Fatal,41.32544109965828,-117.79109917027886
Rainy,Icy,Evening,Minor,40.16424388218611,-116.49400655221388
Snowy,Dry,Night,Minor,39.383849800307615,-104.08463297771908
Clear,Icy,Morning,Minor,38.559710324883945,-85.93622722783124
Snowy,Icy,Evening,Minor,44.530200211788994,-110.948989967336
Foggy,Snowy,Night,Major,39.813333765356646,-92.01240363765166
Rainy,Wet,Night,Fatal,37.13957038688237,-111.07751753828973
Rainy,Wet,Evening,Fatal,43.91480015623507,-98.73690412900027
Snowy,Dry,Morning,Fatal,37.267303829235104,-110.728656388426
Foggy,Icy,Night,Major,42.197914533546864,-93.6766966100324
Clear,Dry,Afternoon,Minor,41.7558009195026,-86.01863138048395
Foggy,Dry,Evening,Major,37.26351494341486,-96.71424769688807
Rainy,Icy,Morning,Fatal,35.74240872988386,-94.61442974050478
Foggy,Dry,Afternoon,Minor,37.20745488452782,-84.3242758697375
Snowy,Wet,Evening,Minor,36.543215652830796,-91.02622374681842
Foggy,Snowy,Afternoon,Minor,37.41888883554146,-111.56874202581247
Rainy,Dry,Afternoon,Fatal,41.95797477655445,-88.76322574455638
Snowy,Dry,Morning,Minor,44.94981369325093,-116.69063841505317
Rainy,Dry,Morning,Fatal,44.49208626870512,-91.03069809552203
Snowy,Icy,Evening,Minor,39.69641774680709,-103.61043054228244
Clear,Icy,Evening,Minor,38.40370746305763,-88.57427585883491
Clear,Icy,Evening,Major,35.84392380544542,-94.52953131822692
Foggy,Icy,Night,Minor,44.30170965438425,-104.93878848842806
Clear,Dry,Afternoon,Major,37.71547047411242,-85.8118619962721
Clear,Icy,Night,Major,36.43941913572231,-99.05597811389553
Snowy,Dry,Morning,Major,38.73259814462759,-116.2691421288732
Foggy,Snowy,Morning,Major,39.275018313281116,-89.99886351431235
Snowy,Snowy,Night,Fatal,39.48853071674708,-98.6699440288359
Foggy,Wet,Night,Major,36.87842852537774,-92.51843397670078
Clear,Wet,Morning,Minor,41.64994516237773,-95.09070870828667
Foggy,Icy,Morning,Major,41.15911915676721,-116.27215521749221
Clear,Wet,Evening,Major,44.15257184917823,-107.26951834457097
Clear,Icy,Afternoon,Major,39.301028765298,-111.32175016544483
Clear,Snowy,Afternoon,Minor,37.925150910707416,-93.43193147712857
Foggy,Wet,Morning,Major,37.0621740508414,-87.46262070702943
Clear,Snowy,Morning,Minor,40.17596301315522,-88.94838089936209
Rainy,Icy,Afternoon,Fatal,37.469074266675854,-101.22859090696838
Clear,Wet,Night,Major,37.07094918176571,-82.4401431165609
Foggy,Wet,Night,Minor,40.272261808398,-101.00196138945007
Clear,Wet,Night,Major,43.023543291592645,-86.84514894988166
Rainy,Dry,Evening,Minor,37.403823886994836,-114.88252301952868
Clear,Icy,Afternoon,Fatal,36.29941372267941,-106.37820658080412
Rainy,Dry,Afternoon,Minor,40.802215187850294,-101.36696987107501
Snowy,Icy,Night,Fatal,38.99368748394691,-90.07068674672416
Clear,Icy,Evening,Fatal,42.129600078588055,-114.47938051919793
Rainy,Wet,Afternoon,Fatal,42.076883263306186,-103.4193574073283
Rainy,Snowy,Afternoon,Minor,43.84424275501977,-84.0704774418706
Rainy,Snowy,Night,Major,44.022364034622385,-99.50798612451678
Clear,Wet,Night,Fatal,37.04440573949547,-93.38539166324382
Snowy,Icy,Afternoon,Minor,42.33051189859994,-98.80474955645894
Rainy,Dry,Night,Minor,36.29929924535701,-90.82144920673345
Foggy,Dry,Morning,Minor,41.50957335118073,-83.80934633279529
Foggy,Icy,Morning,Minor,37.47131554661392,-115.11553936302849
Clear,Wet,Evening,Minor,38.929742253452915,-85.67518422995586
Clear,Icy,Evening,Minor,43.5520698501837,-92.44949836754539
Rainy,Icy,Afternoon,Fatal,39.06971909634264,-108.57964879525954
Foggy,Icy,Night,Fatal,43.96075111794573,-88.63175302538933
Foggy,Dry,Afternoon,Minor,35.64686893515132,-82.67491062366767
Snowy,Wet,Night,Minor,43.54221906340868,-114.22763197113588
Rainy,Icy,Afternoon,Fatal,44.06942808834834,-117.5758036914036
Clear,Wet,Afternoon,Major,36.16190956525446,-116.71905259154117
Foggy,Snowy,Afternoon,Minor,40.718091636071534,-80.45913408018214
Snowy,Wet,Morning,Fatal,40.963215188603684,-102.67347554739334
Rainy,Dry,Evening,Major,36.37523774817016,-89.08053114777653
Snowy,Wet,Evening,Major,41.40635592802587,-110.64412274111186
Snowy,Snowy,Morning,Fatal,41.75847746464336,-109.38519553592099
Snowy,Icy,Afternoon,Minor,39.038978641701235,-88.92838066371091
Foggy,Wet,Morning,Minor,36.50521491663414,-117.82437005910755
Rainy,Dry,Evening,Major,38.13206261070174,-91.75365991523783
Foggy,Dry,Afternoon,Minor,39.68154141301031,-89.06475808871001
Rainy,Dry,Night,Fatal,38.96796847086316,-118.28649779523548
Clear,Wet,Evening,Minor,38.33034871805398,-109.85457777943847
Snowy,Dry,Afternoon,Major,39.54918889507587,-118.34003331267682
Foggy,Dry,Afternoon,Major,35.197956583472546,-96.60645473244472
Foggy,Icy,Afternoon,Major,40.60874463362617,-85.07922423881135
Rainy,Snowy,Morning,Major,35.2966822306474,-106.0022024188144
Clear,Icy,Morning,Fatal,37.185098343541306,-82.29816241292379
Foggy,Wet,Night,Major,38.71161614785742,-93.19869848769733
Foggy,Icy,Night,Minor,37.553090765039315,-116.17083781022411
Clear,Icy,Evening,Minor,37.67776675488334,-92.84086027847832
Rainy,Wet,Evening,Fatal,35.74042217912348,-94.2055510874008
Clear,Wet,Afternoon,Major,39.98040393056869,-87.72969744843496
Snowy,Wet,Afternoon,Major,35.06088748239839,-107.53240685939835
Snowy,Dry,Morning,Major,36.65242050442603,-115.5974686319554
Foggy,Icy,Afternoon,Major,35.644912712491674,-107.55990021069279
Snowy,Dry,Night,Fatal,38.41782404736762,-119.17916741082699
Rainy,Dry,Afternoon,Minor,39.50123361181932,-113.97567587126903
Snowy,Dry,Night,Major,40.53380187865748,-105.41317295062653
Clear,Snowy,Evening,Fatal,38.55854759259211,-115.55451410671951
Foggy,Dry,Evening,Fatal,37.528136060892,-104.70990992090167
Clear,Icy,Afternoon,Major,40.07446366119742,-99.83984945614696
Foggy,Icy,Night,Minor,40.64629050997263,-117.85942148347827
Clear,Dry,Morning,Fatal,41.79549927133908,-107.2139177883175
Rainy,Wet,Morning,Minor,39.91418177528557,-110.76821384293874
Foggy,Snowy,Evening,Major,40.28578109722197,-80.58784670850858
Clear,Dry,Morning,Minor,41.37954262684739,-119.45463904376714
Foggy,Dry,Evening,Minor,41.65292101978055,-104.36979390681452
Clear,Wet,Afternoon,Major,43.7986267736116,-105.22072263874479
Snowy,Snowy,Afternoon,Minor,40.06672648982746,-117.52457193278099
Snowy,Wet,Afternoon,Minor,38.40405843349565,-106.57304667843762
Foggy,Wet,Night,Major,44.37091028458795,-107.90083883328293
Foggy,Icy,Afternoon,Major,37.04024665738579,-98.1321468681464
Foggy,Snowy,Afternoon,Major,43.62880502912412,-89.65992476334438
Clear,Dry,Night,Fatal,40.52069364653378,-118.18189998256815
Clear,Dry,Night,Minor,43.214319916425936,-115.070696971347
Rainy,Icy,Afternoon,Fatal,37.32039828901106,-99.05654059114188
Foggy,Snowy,Evening,Major,35.59471568867281,-95.87841779786866
Snowy,Dry,Night,Minor,35.27175016090844,-84.62493811908115
Clear,Wet,Night,Major,43.79341020176528,-89.63652269777447
Rainy,Dry,Afternoon,Major,42.82171263091246,-114.72138721504153
Rainy,Snowy,Morning,Major,37.26727382329963,-85.17464474066037
Foggy,Dry,Evening,Minor,40.63288930953814,-90.55040759464667
Snowy,Wet,Afternoon,Major,37.91144247785179,-80.60617024131625
Foggy,Dry,Evening,Major,44.67052681426035,-88.71796922944966
Clear,Dry,Afternoon,Major,35.46123564335734,-103.43196297712679
Rainy,Icy,Evening,Major,41.94882373675959,-102.75652549506842
Rainy,Snowy,Afternoon,Minor,44.94857973059322,-117.2268667844894
Snowy,Wet,Evening,Fatal,39.11655460456703,-110.13920377448068
Foggy,Dry,Night,Minor,43.7735561220526,-89.05711593077119
Rainy,Dry,Night,Minor,39.818674792746165,-102.30990893921764
Rainy,Icy,Morning,Fatal,40.5549542410586,-102.62554007435129
Clear,Snowy,Night,Major,40.49583656722144,-89.02789268221619
Clear,Wet,Morning,Major,40.991205850403254,-113.14263293157829
Foggy,Wet,Afternoon,Fatal,41.36538646753354,-105.53834404983846
Snowy,Wet,Morning,Minor,38.37340141017023,-102.39767813962405
Clear,Icy,Morning,Minor,42.62482884475553,-102.76064392316712
Foggy,Icy,Afternoon,Fatal,35.18000088945215,-99.13602415954567
Clear,Wet,Evening,Fatal,41.75420207547089,-82.82846390951762
Foggy,Dry,Afternoon,Fatal,41.40198311559624,-82.36906801241996
Snowy,Wet,Night,Major,40.32257531148976,-95.25891765127258
Snowy,Icy,Night,Minor,35.57702928415899,-107.52791452176925
Snowy,Dry,Afternoon,Fatal,39.11339466499144,-108.04868515782994
Snowy,Icy,Afternoon,Major,40.42534368532252,-101.53908289645572
Foggy,Icy,Afternoon,Fatal,39.38538488537436,-110.73806256139805
Clear,Icy,Afternoon,Major,38.55041056451958,-110.150233561176
Snowy,Wet,Night,Major,40.22539716732053,-84.1720814720251
Clear,Wet,Night,Major,44.10134636782134,-110.99832495316511
Clear,Snowy,Morning,Minor,42.54621221598592,-96.2366887772115
Snowy,Icy,Evening,Fatal,40.60091697443396,-87.80145078402981
Clear,Dry,Afternoon,Minor,37.90029193648906,-119.67763586631521
Clear,Wet,Evening,Minor,35.100906066890246,-111.39182081067229
Rainy,Dry,Morning,Major,44.03757571775142,-108.47978616303836
Rainy,Wet,Morning,Fatal,39.69525542043863,-80.44657874443342
Rainy,Icy,Afternoon,Minor,40.75355403251556,-108.17381833550058
Foggy,Wet,Night,Fatal,35.11492473298115,-116.75845558139773
Foggy,Icy,Night,Major,40.98808296383491,-111.52422678239563
Rainy,Dry,Evening,Fatal,42.394082298313116,-114.94454310377331
Rainy,Dry,Evening,Minor,38.210810970870504,-89.66930831775764
Rainy,Dry,Evening,Fatal,44.147311149565034,-113.23752886241135
Clear,Icy,Afternoon,Major,40.29991522926419,-114.65397674357928
Foggy,Wet,Morning,Fatal,39.79070063103351,-106.04439699832706
Rainy,Icy,Morning,Fatal,42.62309032021939,-108.24896375302437
Rainy,Dry,Evening,Minor,43.7726176282618,-110.25082069902632
Snowy,Dry,Afternoon,Fatal,42.83987358689355,-87.3889467563776
Foggy,Icy,Morning,Fatal,40.9709577018672,-86.49876663695778
Snowy,Wet,Night,Fatal,36.31518266916378,-93.86466006085277
Clear,Icy,Afternoon,Major,44.876595923412516,-83.89177958218576
Foggy,Icy,Morning,Fatal,38.94734353844828,-82.8646597745477
Snowy,Dry,Night,Minor,42.10884716682319,-82.05022419401156
Foggy,Wet,Evening,Major,35.613309556432824,-102.64917735927929
Rainy,Wet,Night,Fatal,39.580222116682584,-88.34145836441924
Rainy,Wet,Morning,Fatal,36.67359733138628,-107.27582212386112
Rainy,Wet,Evening,Minor,43.39460909500767,-103.55625564478241
Snowy,Icy,Afternoon,Minor,42.707425309055516,-114.90522106208476
Foggy,Dry,Evening,Fatal,39.22384522184306,-99.19703755555398
Foggy,Icy,Evening,Major,37.53357170059661,-92.61495222940135
Snowy,Snowy,Night,Minor,38.06137340879593,-95.31124776488397
Clear,Icy,Night,Fatal,40.31912706524263,-103.75952793175557
Clear,Icy,Evening,Minor,37.633157837532,-106.1908018532011
Clear,Dry,Evening,Major,43.73722920182225,-84.3519970774559
Clear,Icy,Afternoon,Minor,43.42074437398579,-80.63062003062265
Foggy,Dry,Night,Major,36.86023000005665,-89.48426657782544
Rainy,Snowy,Morning,Minor,43.336431341439585,-107.09093709093446
Snowy,Icy,Night,Minor,44.41272448241852,-115.30879408798219
Clear,Icy,Night,Major,35.476412574365064,-116.34503580558363
Foggy,Wet,Morning,Minor,44.82049537015963,-118.18821425547691
Snowy,Wet,Morning,Fatal,38.842396201373816,-90.08645702351713
Snowy,Snowy,Afternoon,Major,44.77104233051573,-99.71670303758933
Foggy,Snowy,Afternoon,Major,41.05482669214405,-119.05870022343605
Foggy,Icy,Afternoon,Major,42.36200425060762,-107.27801709796326
Snowy,Dry,Morning,Major,40.35025504598933,-114.07130151602702
Clear,Wet,Night,Fatal,39.3054020950719,-106.20729569015322
Rainy,Icy,Afternoon,Major,39.156421866859056,-82.00401327015696
Rainy,Dry,Evening,Fatal,39.994317698668354,-97.82573275134524
Foggy,Wet,Evening,Minor,43.880390643601174,-96.45980259364045
Snowy,Wet,Night,Minor,41.172490208487254,-103.54501714349642
Clear,Snowy,Morning,Minor,35.92284792073257,-95.78352969969652
Rainy,Dry,Afternoon,Fatal,39.29595943576065,-112.27002339063327
Foggy,Dry,Afternoon,Minor,43.264880901957625,-100.94154915042402
Rainy,Snowy,Evening,Fatal,38.61710254859581,-88.11155709684948
Snowy,Dry,Morning,Minor,43.33317071473012,-80.73170629915434
Clear,Icy,Evening,Minor,44.72025256496591,-81.5536233715934
Snowy,Dry,Morning,Fatal,42.63108363601308,-83.71004222574376
Foggy,Dry,Afternoon,Minor,41.225196957297456,-108.76472139255026
Rainy,Dry,Evening,Major,42.15038718850684,-83.87236884662283
Rainy,Dry,Night,Fatal,36.890395247275315,-100.36939973150558
Foggy,Snowy,Night,Fatal,37.69019646798311,-83.32231807196337
Rainy,Dry,Afternoon,Minor,44.286602870148826,-118.19003243924449
Clear,Wet,Evening,Fatal,42.647191414762794,-107.45173951791739
Rainy,Snowy,Afternoon,Fatal,37.286944094003644,-92.74587947034604
Clear,Wet,Night,Minor,37.77822072781734,-117.19985951467737
Foggy,Icy,Night,Fatal,40.31316520568059,-80.55013312194394
Snowy,Dry,Evening,Minor,41.62664513059355,-109.67075921335359
Clear,Wet,Morning,Minor,39.63172716751342,-83.86807942497157
Snowy,Snowy,Afternoon,Major,38.832842396422016,-116.73330896559615
Foggy,Wet,Night,Major,41.45740510095612,-99.43195839962644
Foggy,Dry,Evening,Major,39.443653492415145,-110.0091135021392
Snowy,Icy,Evening,Major,42.33486746492104,-98.59390665278599
Clear,Icy,Evening,Fatal,36.72089229295259,-106.57506908088354
Snowy,Snowy,Morning,Minor,36.690810703559926,-94.71133608984204
Clear,Dry,Evening,Major,44.52467116687847,-93.48814903161113
Foggy,Snowy,Afternoon,Minor,35.6834093553226,-98.34521559370926
Rainy,Snowy,Afternoon,Fatal,36.29600651195442,-82.2133707131562
Foggy,Wet,Morning,Fatal,39.94675189591283,-119.3297478203047
Clear,Wet,Afternoon,Major,44.80108992413767,-104.83489366497412
Rainy,Wet,Morning,Major,38.0244747828938,-117.3388956715658
Snowy,Snowy,Morning,Minor,38.80689681160866,-117.37231534041364
Snowy,Snowy,Morning,Minor,40.38813009039619,-82.39116777714861
Rainy,Snowy,Night,Minor,42.73089041697466,-115.3719472727879
Clear,Icy,Night,Major,42.590689392583755,-85.71233371761645
Snowy,Wet,Evening,Minor,36.17066041424169,-104.87596920850197
Clear,Icy,Afternoon,Fatal,36.77170925271866,-82.40272832120709
Clear,Dry,Night,Major,36.76095471330595,-85.46137078634146
Snowy,Dry,Evening,Minor,44.696077268480956,-94.29689558705464
Snowy,Wet,Afternoon,Minor,43.237780901011654,-108.82336463295712
Snowy,Dry,Morning,Fatal,43.00354879023406,-113.6528450524126
Foggy,Dry,Afternoon,Minor,44.06572210672163,-97.35713414207339
Rainy,Snowy,Evening,Minor,40.14683617121439,-86.61636189618912
Clear,Dry,Evening,Fatal,35.02018517748234,-119.78380305309321
Clear,Dry,Night,Fatal,40.307373552868356,-117.59614358487319
Clear,Wet,Night,Fatal,40.83556967324819,-84.41693526678031
Clear,Dry,Night,Minor,40.79175255374722,-83.40136539688126
Snowy,Wet,Morning,Major,43.715977272882306,-93.50064212233568
Snowy,Icy,Morning,Minor,35.405587375446814,-104.53519309464663
Rainy,Wet,Afternoon,Minor,42.23128273882554,-98.10114040550725
Foggy,Snowy,Evening,Fatal,44.11521293325316,-85.47963815731092
Foggy,Icy,Afternoon,Major,38.36964725717456,-88.7924292606802
Rainy,Snowy,Night,Fatal,37.755479392194836,-93.83359382855606
Foggy,Snowy,Night,Minor,35.441619361778315,-111.21172838434398
Clear,Icy,Afternoon,Minor,39.75967731011656,-91.83666914714644
Rainy,Dry,Morning,Fatal,38.1189908000428,-106.09971670299277
Rainy,Snowy,Morning,Fatal,38.87392585668659,-87.04930416803508
Snowy,Icy,Morning,Minor,40.31599464604431,-105.02078400127932
Snowy,Dry,Afternoon,Minor,39.50116526474811,-89.5329649514535
Foggy,Wet,Afternoon,Minor,39.58963479377299,-92.01179175602095
Foggy,Icy,Morning,Major,35.02103843175883,-119.41486964489297
Rainy,Dry,Evening,Fatal,38.33606789029043,-101.57320680666044
Foggy,Icy,Night,Major,42.593510257526134,-101.440394741423
Foggy,Icy,Night,Major,44.19387404572673,-95.32223890461992
Rainy,Snowy,Evening,Minor,39.614455118873124,-111.83333763327028
Rainy,Dry,Night,Major,35.577410518691735,-81.85859608593964
Foggy,Icy,Morning,Minor,40.54657348035096,-92.05877499163452
Rainy,Icy,Evening,Minor,43.182066687482475,-91.73462946129615
Snowy,Snowy,Afternoon,Minor,39.66607784697216,-101.47541144649955
Snowy,Snowy,Evening,Minor,35.27420309972658,-94.79840486080072
Snowy,Snowy,Evening,Minor,38.77313661406323,-99.12187986085745
Clear,Wet,Morning,Major,40.45381121218303,-94.46711040832693
Clear,Snowy,Afternoon,Major,42.217215527171795,-114.73385644826966
Clear,Dry,Morning,Minor,35.29504055145206,-113.97250051996664
Snowy,Snowy,Night,Major,36.59025003740261,-86.79396068008327
Rainy,Dry,Night,Minor,37.20483693473304,-112.66190395399083
Foggy,Wet,Evening,Minor,35.8391953582143,-94.07579861863506
Rainy,Snowy,Afternoon,Fatal,40.25756219559135,-82.2428686609417
Foggy,Wet,Night,Minor,39.50597018983134,-86.7452917511212
Snowy,Dry,Afternoon,Fatal,35.46056734189956,-117.92856445068733
Snowy,Dry,Evening,Major,40.26278460338203,-99.44597061693608
Rainy,Icy,Afternoon,Minor,38.11984020326418,-97.35139936989533
Clear,Icy,Evening,Major,36.25125257141747,-108.89123650596625
Snowy,Snowy,Afternoon,Fatal,43.18026749138693,-114.70381546014181
Rainy,Wet,Night,Minor,42.42824974906316,-86.31937353973024
Snowy,Icy,Evening,Major,43.47139489693785,-87.94608032504766
Rainy,Dry,Night,Fatal,43.08275439555938,-105.66661373313305
Rainy,Wet,Morning,Major,43.90057025465252,-88.90178131270457
Rainy,Wet,Evening,Minor,37.68846742452843,-114.77994943531263
Foggy,Snowy,Morning,Minor,42.144107636265986,-106.72006823048939
Foggy,Dry,Afternoon,Fatal,43.17252311366821,-94.66353039031492
Clear,Wet,Night,Minor,38.09999937171789,-118.90999952196739
Rainy,Wet,Night,Fatal,35.68334104845604,-112.19964078245536
Foggy,Snowy,Afternoon,Major,42.807318532009006,-117.90434817620554
Snowy,Dry,Afternoon,Fatal,35.22026921223817,-114.94574074741958
Clear,Icy,Evening,Fatal,39.19389611666972,-84.22382445405971
Rainy,Snowy,Night,Minor,35.416568183826826,-108.29934298094992
Foggy,Snowy,Night,Major,40.44827657545187,-85.45434314813537
Clear,Icy,Afternoon,Major,43.50680260604847,-90.64378491992522
Foggy,Wet,Afternoon,Fatal,36.16022681348169,-95.06088677922814
Snowy,Snowy,Night,Fatal,41.880444438360136,-93.9393726668443
Foggy,Snowy,Afternoon,Major,43.43924612611724,-101.98085714117619
Rainy,Wet,Morning,Major,40.44505769049228,-99.26895294209415
Foggy,Dry,Afternoon,Fatal,37.0886407070574,-107.51214527129585
Rainy,Wet,Evening,Fatal,41.89778849248121,-95.8723133754133
Foggy,Dry,Morning,Fatal,37.191174794699386,-88.65999676618974
Rainy,Dry,Night,Fatal,42.51772173039093,-110.74079616348047
Foggy,Wet,Night,Minor,36.129316426860115,-102.33014033449172
Foggy,Snowy,Night,Minor,37.100293495162816,-104.40401014835678
Clear,Snowy,Morning,Fatal,42.8486182295888,-93.74456562460931
Foggy,Dry,Evening,Major,44.25637330025336,-119.37028348017292
Clear,Snowy,Night,Minor,39.825004202353604,-119.74970115894119
Foggy,Icy,Morning,Major,37.24890216815913,-102.4729313333458
Clear,Snowy,Morning,Major,43.06589342326277,-111.97788088618934
Foggy,Dry,Evening,Major,36.538070246416076,-88.73977409031272
Snowy,Snowy,Evening,Minor,42.206551452831135,-103.888966670684
Snowy,Snowy,Afternoon,Major,41.25204769530442,-93.91058587470238
Foggy,Wet,Night,Minor,40.15659405856454,-102.24384670720355
Clear,Snowy,Afternoon,Minor,36.04404129748082,-116.94080178002747
Foggy,Snowy,Night,Major,43.38549214902828,-102.27762550678315
Snowy,Wet,Morning,Major,40.42471003462656,-107.82029869004197
Rainy,Dry,Afternoon,Minor,42.81348840614406,-80.42272936881474
Clear,Snowy,Morning,Fatal,43.35407830842126,-90.19282018521542
Rainy,Dry,Night,Major,43.52557781901554,-101.88355718929557
Foggy,Snowy,Evening,Minor,39.782598841952236,-91.39254180879036
Clear,Dry,Morning,Minor,36.52329589464536,-112.03016182366744
Rainy,Dry,Night,Major,36.05259185197012,-107.83878910208001
Foggy,Snowy,Afternoon,Minor,37.91495740923723,-86.50947971445964
Foggy,Snowy,Night,Minor,43.16410784965031,-111.34997887253884
Snowy,Dry,Evening,Major,42.196538166105306,-110.93035262372221
Foggy,Icy,Afternoon,Major,35.02317547904814,-94.77676233667631
Clear,Icy,Evening,Major,44.060658856863654,-102.7555037961198
Foggy,Wet,Night,Fatal,36.778881240490236,-113.75856754640093
Foggy,Snowy,Evening,Major,36.118806165491236,-103.81099744681364
Rainy,Snowy,Afternoon,Major,41.539940923398014,-86.40718591186047
Rainy,Wet,Evening,Fatal,44.396515112935084,-80.1236312564258
Snowy,Dry,Evening,Major,44.528967959978274,-118.72886062570703
Clear,Wet,Morning,Fatal,36.031213624080756,-94.48392501788155
Clear,Snowy,Night,Fatal,39.82264361252192,-94.94171921292292
Clear,Icy,Evening,Minor,43.946427975776345,-114.416045305608
Rainy,Snowy,Afternoon,Minor,42.85268811516015,-80.40974346362661
